"Title","Time","Artist Name","Stream Link","Event Poster","Genres","Artist FBPage"
"KEXP at Home","Thursday, Aug 13th, 2020","Lucinda Williams","https://www.youtube.com/c/kexp/","https://photos.bandsintown.com/thumb/8066700.jpeg","Rock, Americana, Folk Rock, Alternative Country","https://facebook.com/lucindawilliams"
"Livestream Concert for The Birchmere","Saturday, Aug 15th, 2020","Tommy Emmanuel","","https://photos.bandsintown.com/thumb/10367525.jpeg","Acoustic, Folk, Instrumental Guitar","https://facebook.com/tommyemmanuel"
"311 Live From Mardi Gras 2020","Saturday, Aug 15th, 2020","311","","https://photos.bandsintown.com/thumb/10480066.jpeg","Alternative, Alternative Rock, Reggae, Reggae Rock, Rock","https://www.facebook.com/official311/"
"Stay At Home Concert World Tour: Soulrocker House Party","Saturday, Aug 15th, 2020","Michael Franti & Spearhead","https://michaelfranti.manheadmerch.com/pages/live-stream-schedule","https://photos.bandsintown.com/thumb/8630353.jpeg","Michael Franti - Voice, Jay Bowman - Guitar, Manas Itiene - Drums, Carl Young - Bass, Mike Blankenship - Keys","https://www.facebook.com/michaelfranti/?ref=bookmarks"
"","Sunday, Aug 16th, 2020","Steel Panther","","https://photos.bandsintown.com/thumb/10451362.jpeg","Metal, Rock","https://www.facebook.com/steelpanther/"
"Live at The Roxy - Wallows Virtual World Tour Night 1","Sunday, Aug 16th, 2020","Wallows","","https://photos.bandsintown.com/thumb/10275229.jpeg","Indie, Rock, Alternative","https://www.facebook.com/wallowsmusic"
"Live Chat With Bad Religion","Tuesday, Aug 18th, 2020","Bad Religion","","https://photos.bandsintown.com/thumb/10472310.jpeg","Skatepunk, Punk, Rock, Hardcore Punk","https://www.facebook.com/badreligion"
"","Thursday, Aug 20th, 2020","Lauren Daigle","","https://photos.bandsintown.com/thumb/10419684.jpeg","Christian-gospel, Christian, Gospel, Christian/gospel","https://www.facebook.com/laurendaiglemusic"
"Tim McGraw - Here on Earth Live Experience","Friday, Aug 21st, 2020","Tim McGraw","https://live.timmcgraw.com/","https://photos.bandsintown.com/thumb/10370341.jpeg","Country","https://www.facebook.com/TimMcGraw/"
"Live From Nashville: ""Bring The Family"" & ""Slow Turning""","Monday, Aug 24th, 2020","John Hiatt","","https://photos.bandsintown.com/thumb/10018395.jpeg","Songwriter, Folk Rock, Singer, Folk, Rock, Blues, Country","https://www.facebook.com/JohnHiatt/"
"Celebrating Out of Body","Friday, Aug 28th, 2020","NEEDTOBREATHE","","https://photos.bandsintown.com/thumb/10464553.jpeg","Christian Rock","https://www.facebook.com/NEEDTOBREATHE/"
"Empath Live Volume 2 - By Request Set","Saturday, Sep 5th, 2020","Devin Townsend","","https://photos.bandsintown.com/thumb/10460487.jpeg","Country, Hard Rock, Canada, Prog-rock, Vancouver, Metal, Progressive Metal, Death Metal, Heavy Metal, Progressive Rock, Technical Metal","https://www.facebook.com/dvntownsend/"
"BLACK ANIMA: Live From The Apocalypse","Friday, Sep 11th, 2020","Lacuna Coil","","https://photos.bandsintown.com/thumb/9198066.jpeg","Milano,Italy","https://www.facebook.com/lacunacoil/"
"WORLD PREMIERE: Unplugged & Behind the Music: Adobe Sessions","Saturday, Sep 12th, 2020","Cody Jinks","","https://photos.bandsintown.com/thumb/8048402.jpeg","Southern Rock, Outlaw Country, Country","https://facebook.com/codyjinksmusic"
